Distance_km,Weather,Traffic_Level,Time_of_Day,Vehicle_Type,Preparation_Time_min,Courier_Experience_yrs
0.9000000000000001,0,1.0,1,2,0.20833333333333331,0.7777777777777777
0.07989690721649485,0,2.0,1,0,0.5416666666666667,0.3333333333333333
0.13608247422680414,0,2.0,0,0,0.49999999999999994,1.0
0.35670103092783506,2,0.0,1,1,0.9166666666666667,0.6666666666666666
0.2077319587628866,2,1.0,0,1,0.125,0.3333333333333333
0.5407216494845362,0,0.0,1,2,0.9583333333333333,0.2222222222222222
0.18298969072164947,0,1.0,2,2,0.37499999999999994,0.2222222222222222
0.20927835051546395,0,1.0,1,0,0.6666666666666667,0.1111111111111111
0.9371134020618557,3,1.0,1,0,0.7916666666666667,0.0
0.11340206185567012,0,2.0,2,0,0.75,0.7777777777777777
0.5056701030927836,0,0.0,1,0,0.4583333333333333,0.4444444444444444
0.9670103092783506,0,2.0,1,0,0.2916666666666667,0.7777777777777777
0.10721649484536083,0,1.0,3,1,0.49999999999999994,0.6666666666666666
0.09742268041237115,2,0.0,1,2,0.625,0.8888888888888888
0.2211340206185567,4,1.0,0,2,0.875,0.7777777777777777
0.07422680412371134,1,2.0,1,1,0.37499999999999994,0.4444444444444444
0.15721649484536085,0,0.0,2,2,0.4583333333333333,0.3333333333333333
0.4634020618556701,0,2.0,0,1,0.875,0.8888888888888888
0.902577319587629,0,0.0,2,2,0.125,0.5555555555555556
0.9386597938144331,0,2.0,0,0,0.75,0.7777777777777777
0.5958762886597939,0,2.0,2,1,0.2916666666666667,0.6666666666666666
0.8170103092783506,4,2.0,0,1,0.125,0.0
0.6185567010309279,0,0.0,1,2,0.20833333333333331,0.2222222222222222
0.35979381443298974,0,0.0,2,0,0.6666666666666667,0.0
0.13608247422680414,2,0.0,2,1,0.8333333333333333,0.7777777777777777
0.4603092783505155,1,0.0,3,2,0.9583333333333333,0.1111111111111111
0.18298969072164947,1,1.0,2,0,0.6666666666666667,0.0
0.10927835051546392,0,0.0,2,2,0.041666666666666685,0.1111111111111111
0.6309278350515465,0,1.0,2,0,0.5833333333333333,0.2222222222222222
0.4871134020618557,2,2.0,0,0,0.2916666666666667,1.0
0.33814432989690724,0,2.0,3,1,1.0,0.7777777777777777
0.1948453608247423,0,1.0,1,2,0.041666666666666685,0.7777777777777777
0.7701030927835052,0,0.0,2,0,0.875,0.6666666666666666
0.5396907216494846,0,2.0,1,0,0.041666666666666685,1.0
0.9865979381443301,1,1.0,1,0,0.9166666666666667,0.4444444444444444
0.9721649484536082,2,2.0,2,2,0.625,0.6666666666666666
0.3582474226804124,3,0.0,0,0,0.625,0.5555555555555556
0.5417525773195877,0,0.0,0,0,0.5416666666666667,0.7777777777777777
0.2804123711340207,2,2.0,0,1,0.125,0.6666666666666666
0.24896907216494846,0,0.0,1,2,0.25,1.0
0.35309278350515466,2,1.0,0,2,0.0,0.1111111111111111
0.9149484536082475,0,2.0,3,0,0.16666666666666669,0.4444444444444444
0.9551546391752579,4,2.0,1,1,0.125,0.0
0.08092783505154641,0,1.0,3,1,0.20833333333333331,0.1111111111111111
0.04175257731958763,4,0.0,1,0,0.16666666666666669,1.0
0.9484536082474226,2,2.0,0,0,0.20833333333333331,0.6666666666666666
0.031443298969072164,2,0.0,2,2,0.7916666666666667,0.7777777777777777
0.4376288659793815,0,0.0,0,2,0.37499999999999994,0.5555555555555556
0.15257731958762888,0,1.0,1,0,0.75,0.0
0.5737113402061856,2,0.0,1,0,0.25,1.0
0.49948453608247423,0,1.0,1,2,1.0,0.3333333333333333
0.8731958762886599,0,0.0,0,0,0.37499999999999994,0.6666666666666666
0.04072164948453608,0,0.0,2,2,0.3333333333333333,1.0
0.04742268041237113,0,2.0,1,0,0.875,0.1111111111111111
0.5314432989690723,0,2.0,0,2,0.041666666666666685,0.8888888888888888
0.03247422680412371,0,1.0,1,2,0.041666666666666685,0.5555555555555556
0.2891752577319588,4,2.0,1,2,0.08333333333333331,0.3333333333333333
0.9144329896907216,1,1.0,2,2,0.5833333333333333,0.0
0.14587628865979382,0,1.0,3,1,0.25,1.0
0.9695876288659794,0,0.0,1,2,0.125,1.0
0.44587628865979384,4,0.0,0,0,0.125,0.2222222222222222
0.9077319587628866,4,1.0,2,0,0.9166666666666667,0.1111111111111111
0.8871134020618557,4,2.0,0,1,0.2916666666666667,1.0
0.6953608247422681,0,2.0,2,0,0.9583333333333333,0.6666666666666666
0.053092783505154645,4,0.0,1,0,0.16666666666666669,0.8888888888888888
0.8283505154639176,3,2.0,0,2,1.0,0.7777777777777777
0.8907216494845362,3,0.0,2,2,1.0,0.4444444444444444
0.6443298969072165,4,0.0,1,2,0.49999999999999994,0.1111111111111111
0.6278350515463917,1,0.0,2,0,0.7083333333333333,0.8888888888888888
0.03247422680412371,1,2.0,0,2,0.37499999999999994,0.2222222222222222
0.7149484536082475,2,1.0,2,2,0.25,1.0
0.7685567010309279,0,1.0,2,2,0.9583333333333333,1.0
0.5170103092783506,4,1.0,0,1,0.7083333333333333,0.5555555555555556
0.3278350515463918,0,1.0,2,2,0.8333333333333333,0.2222222222222222
0.4896907216494846,0,1.0,1,0,0.08333333333333331,0.0
0.5170103092783506,1,0.0,1,2,1.0,0.1111111111111111
0.009793814432989694,0,1.0,2,0,0.041666666666666685,0.1111111111111111
0.5551546391752578,0,1.0,2,2,0.125,0.2222222222222222
0.13711340206185568,0,0.0,2,0,0.75,0.7777777777777777
0.8448453608247424,0,0.0,1,0,0.25,0.6666666666666666
0.1809278350515464,0,1.0,1,1,0.5416666666666667,0.3333333333333333
0.6051546391752578,0,2.0,3,0,0.08333333333333331,0.2222222222222222
0.11185567010309277,4,1.0,2,2,0.125,0.5555555555555556
0.13298969072164948,0,1.0,1,2,0.49999999999999994,0.6666666666666666
0.24845360824742269,0,1.0,3,0,0.37499999999999994,0.5555555555555556
0.897938144329897,1,2.0,3,0,0.37499999999999994,0.2222222222222222
0.28144329896907216,0,1.0,2,1,0.7916666666666667,0.0
0.522680412371134,1,0.0,2,0,0.041666666666666685,0.6666666666666666
0.5010309278350517,1,1.0,2,2,0.5833333333333333,0.5555555555555556
0.1520618556701031,2,1.0,0,2,0.49999999999999994,0.4444444444444444
0.6835051546391753,0,0.0,1,0,1.0,0.5555555555555556
0.18711340206185567,0,1.0,2,0,0.4583333333333333,0.7777777777777777
0.384020618556701,0,1.0,1,1,0.9166666666666667,0.0
0.990721649484536,0,0.0,0,0,0.9166666666666667,0.1111111111111111
0.3201030927835052,0,2.0,1,0,0.9583333333333333,0.5555555555555556
0.4664948453608248,0,0.0,2,0,0.20833333333333331,0.5555555555555556
0.6948453608247424,2,0.0,1,0,0.20833333333333331,0.5555555555555556
0.26597938144329897,4,2.0,2,2,0.08333333333333331,0.4444444444444444
0.8659793814432991,0,1.0,1,2,0.0,0.6666666666666666
0.7453608247422682,0,1.0,1,1,0.2916666666666667,0.2222222222222222
0.8097938144329898,1,0.0,2,1,0.2916666666666667,0.1111111111111111
0.36494845360824746,4,0.0,2,1,0.16666666666666669,0.2222222222222222
0.9701030927835051,4,0.0,2,0,0.25,0.8888888888888888
0.6262886597938145,0,0.0,3,2,0.5416666666666667,0.0
0.5685567010309278,0,0.0,0,0,0.16666666666666669,0.8888888888888888
0.3896907216494846,2,0.0,0,0,0.875,0.2222222222222222
0.3716494845360825,0,0.0,1,2,0.75,0.5555555555555556
0.49536082474226806,2,1.0,0,0,0.5416666666666667,1.0
0.20876288659793815,0,0.0,0,0,0.4166666666666667,1.0
0.725257731958763,3,2.0,2,1,0.0,0.6666666666666666
0.5628865979381443,1,0.0,0,1,0.0,0.7777777777777777
0.754639175257732,1,0.0,2,1,0.041666666666666685,0.0
0.28814432989690725,0,1.0,1,0,0.16666666666666669,1.0
0.6082474226804124,3,1.0,1,0,0.37499999999999994,0.8888888888888888
0.14896907216494845,1,0.0,0,2,0.16666666666666669,0.1111111111111111
0.534020618556701,3,0.0,0,0,0.16666666666666669,0.1111111111111111
0.4190721649484537,3,1.0,1,1,0.5416666666666667,0.7777777777777777
0.20154639175257733,3,2.0,1,0,0.7916666666666667,0.0
0.1577319587628866,0,1.0,2,0,1.0,1.0
0.018041237113402064,0,2.0,2,0,0.16666666666666669,0.6666666666666666
0.3201030927835052,1,1.0,2,2,0.3333333333333333,0.7777777777777777
0.33041237113402067,2,1.0,1,0,0.49999999999999994,1.0
0.4520618556701031,2,2.0,2,2,0.49999999999999994,0.2222222222222222
0.27061855670103097,0,0.0,1,0,0.6666666666666667,0.7777777777777777
0.9402061855670103,0,1.0,1,2,0.0,0.8888888888888888
0.9293814432989692,0,0.0,1,2,0.9166666666666667,0.6666666666666666
0.5103092783505155,2,0.0,2,0,0.9583333333333333,1.0
0.909278350515464,2,0.0,0,2,0.9166666666666667,1.0
0.5690721649484537,0,1.0,3,2,1.0,0.7777777777777777
0.08762886597938145,2,2.0,0,1,0.125,0.8888888888888888
0.5180412371134021,4,0.0,1,1,0.25,1.0
0.8123711340206187,0,1.0,2,0,0.4583333333333333,0.0
0.6891752577319589,2,0.0,3,0,0.0,0.1111111111111111
0.021649484536082477,0,2.0,3,0,0.49999999999999994,0.7777777777777777
0.3783505154639175,4,0.0,0,2,0.2916666666666667,0.1111111111111111
0.8917525773195877,4,0.0,1,0,0.9166666666666667,0.1111111111111111
0.5005154639175259,2,0.0,1,0,1.0,0.0
0.9201030927835053,2,2.0,2,0,0.9166666666666667,0.7777777777777777
0.593298969072165,0,2.0,0,0,0.25,0.0
0.3675257731958763,2,1.0,2,0,0.25,0.5555555555555556
0.5237113402061856,2,1.0,2,0,0.125,0.6666666666666666
0.8056701030927835,2,2.0,1,0,0.7083333333333333,0.0
0.28659793814432993,1,0.0,1,2,0.875,0.5555555555555556
0.6190721649484536,4,1.0,0,1,0.125,0.6666666666666666
0.12422680412371134,0,0.0,2,2,1.0,0.1111111111111111
0.4293814432989691,4,0.0,2,0,0.8333333333333333,0.4444444444444444
0.2391752577319588,0,1.0,2,2,0.5833333333333333,0.4444444444444444
0.07989690721649485,0,0.0,0,0,0.8333333333333333,0.1111111111111111
0.627319587628866,4,2.0,2,2,0.9166666666666667,0.5555555555555556
0.3180412371134021,1,1.0,3,0,0.08333333333333331,0.6666666666666666
0.1695876288659794,0,1.0,2,0,0.4583333333333333,0.2222222222222222
0.8417525773195877,0,0.0,2,2,1.0,0.0
0.38247422680412374,0,2.0,2,0,0.125,0.6666666666666666
0.670618556701031,0,1.0,0,0,0.9166666666666667,0.0
0.9324742268041237,3,0.0,0,0,0.25,0.8888888888888888
0.5938144329896907,2,0.0,2,0,0.16666666666666669,0.5555555555555556
0.604639175257732,0,1.0,1,2,0.49999999999999994,0.4444444444444444
0.09690721649484538,2,0.0,0,1,0.7083333333333333,0.6666666666666666
0.1695876288659794,1,0.0,1,1,0.9166666666666667,1.0
0.3948453608247423,0,1.0,0,0,0.08333333333333331,1.0
0.9041237113402062,2,2.0,1,0,0.6666666666666667,0.2222222222222222
0.5474226804123712,0,2.0,0,2,0.75,0.1111111111111111
0.9221649484536083,0,1.0,3,0,0.125,0.0
0.2365979381443299,0,1.0,0,1,0.16666666666666669,0.2222222222222222
0.5577319587628866,4,1.0,0,2,0.49999999999999994,0.4444444444444444
0.17783505154639176,3,0.0,3,0,0.25,1.0
0.7886597938144331,3,1.0,0,1,0.4166666666666667,1.0
0.7793814432989692,0,0.0,0,2,0.9583333333333333,0.5555555555555556
0.7989690721649485,3,0.0,2,1,0.3333333333333333,0.6666666666666666
0.6309278350515465,0,0.0,1,0,0.0,0.8888888888888888
0.43659793814432996,0,1.0,1,0,0.75,0.4444444444444444
0.950515463917526,0,1.0,2,2,0.125,0.8888888888888888
0.25567010309278354,1,2.0,1,0,0.5416666666666667,0.1111111111111111
0.8185567010309278,3,2.0,1,2,0.625,1.0
0.4603092783505155,0,0.0,1,0,0.2916666666666667,0.1111111111111111
0.31907216494845364,1,0.0,3,0,0.5416666666666667,0.6666666666666666
0.4587628865979382,2,1.0,2,1,0.75,0.6666666666666666
0.2984536082474227,3,0.0,1,0,0.4583333333333333,0.1111111111111111
0.0,0,0.0,0,0,0.6666666666666667,0.0
0.7211340206185568,0,0.0,1,0,0.75,0.0
0.9005154639175258,0,1.0,3,0,0.16666666666666669,0.8888888888888888
0.55,0,0.0,3,0,0.0,0.6666666666666666
0.4324742268041238,0,1.0,0,2,0.7083333333333333,0.8888888888888888
0.9489690721649485,0,2.0,2,1,0.9583333333333333,0.3333333333333333
0.9762886597938146,1,0.0,0,0,0.25,0.6666666666666666
0.9500000000000001,2,2.0,1,2,0.7083333333333333,0.1111111111111111
0.8164948453608248,0,0.0,1,0,0.3333333333333333,0.5555555555555556
0.7396907216494846,0,1.0,2,0,0.25,0.0
0.8958762886597939,4,1.0,2,2,0.9583333333333333,0.7777777777777777
0.3164948453608248,0,1.0,0,0,0.6666666666666667,0.1111111111111111
0.7020618556701032,0,1.0,1,0,0.7916666666666667,0.5555555555555556
0.520618556701031,0,1.0,3,0,0.8333333333333333,1.0
0.03505154639175258,1,2.0,0,0,0.8333333333333333,1.0
0.036597938144329906,0,1.0,1,0,0.7083333333333333,0.4444444444444444
0.6829896907216495,0,0.0,2,2,0.5416666666666667,0.5555555555555556
0.2737113402061856,2,0.0,1,1,0.875,1.0
0.11082474226804126,0,2.0,0,0,0.5416666666666667,1.0
0.6623711340206185,0,0.0,3,0,1.0,0.0
0.33247422680412375,0,0.0,0,0,0.25,0.8888888888888888
0.7747422680412371,3,2.0,1,2,0.875,0.2222222222222222
0.5469072164948454,0,1.0,2,0,0.75,0.5555555555555556
0.32577319587628867,0,0.0,1,0,0.9166666666666667,0.8888888888888888
0.9865979381443301,2,0.0,1,0,0.125,0.8888888888888888
0.07010309278350516,0,0.0,2,2,0.4583333333333333,0.2222222222222222
0.727319587628866,0,1.0,1,2,0.7916666666666667,0.5555555555555556
0.8556701030927837,0,1.0,0,0,0.25,0.8888888888888888
0.961340206185567,3,0.0,1,0,0.875,0.1111111111111111
0.6427835051546392,2,2.0,2,0,0.49999999999999994,0.8888888888888888
0.21855670103092786,2,0.0,2,1,0.8333333333333333,1.0
0.877319587628866,0,1.0,2,2,0.5833333333333333,0.3333333333333333
0.08969072164948455,0,0.0,2,1,0.041666666666666685,0.1111111111111111
0.004639175257731967,3,2.0,1,0,1.0,0.8888888888888888
0.5097938144329898,2,0.0,0,1,0.20833333333333331,0.7777777777777777
0.5840206185567011,0,0.0,0,2,0.37499999999999994,0.4444444444444444
0.5211340206185567,0,2.0,0,1,0.125,0.4444444444444444
0.37422680412371134,0,0.0,0,2,0.08333333333333331,1.0
0.24536082474226806,0,1.0,0,2,0.7916666666666667,0.6666666666666666
0.5,1,1.0,1,2,0.8333333333333333,0.4444444444444444
0.0711340206185567,0,2.0,2,1,0.9583333333333333,0.7777777777777777
0.6896907216494846,3,0.0,1,2,0.37499999999999994,0.8888888888888888
0.30876288659793816,1,0.0,1,1,0.041666666666666685,0.7777777777777777
0.8170103092783506,2,2.0,0,0,0.2916666666666667,0.5555555555555556
0.8582474226804123,0,0.0,1,0,0.49999999999999994,0.5555555555555556
0.4711340206185568,0,0.0,0,0,1.0,0.6666666666666666
0.006701030927835052,2,1.0,0,2,0.16666666666666669,0.2222222222222222
0.631958762886598,2,1.0,0,2,0.75,0.0
0.8015463917525775,0,0.0,3,1,0.041666666666666685,1.0
0.5963917525773197,4,2.0,1,2,0.25,0.0
0.8216494845360826,3,0.0,0,2,0.7916666666666667,1.0
0.20412371134020618,2,0.0,0,0,0.0,0.6666666666666666
0.9654639175257733,2,2.0,2,1,0.6666666666666667,0.7777777777777777
0.49226804123711343,0,1.0,2,2,0.625,0.1111111111111111
0.03298969072164949,0,0.0,1,0,0.5416666666666667,0.6666666666666666
0.17474226804123713,0,2.0,3,1,0.5833333333333333,0.3333333333333333
0.6216494845360826,0,0.0,1,0,0.4166666666666667,0.4444444444444444
0.5309278350515465,0,2.0,3,0,0.2916666666666667,0.5555555555555556
0.018556701030927835,2,1.0,2,1,0.9166666666666667,0.0
0.7500000000000001,4,1.0,2,0,0.4166666666666667,0.4444444444444444
0.27422680412371137,0,1.0,1,2,1.0,0.4444444444444444
0.5551546391752578,1,0.0,0,0,0.041666666666666685,0.4444444444444444
0.1809278350515464,0,0.0,2,0,0.6666666666666667,0.3333333333333333
0.581958762886598,2,2.0,0,1,1.0,1.0
0.38041237113402065,4,1.0,1,2,0.16666666666666669,0.8888888888888888
0.8134020618556702,0,2.0,2,0,0.875,0.7777777777777777
0.8293814432989691,0,1.0,0,0,0.16666666666666669,1.0
0.10927835051546392,0,1.0,2,1,0.041666666666666685,0.5555555555555556
0.12010309278350517,4,2.0,0,0,0.7916666666666667,0.4444444444444444
0.165979381443299,2,2.0,0,0,0.0,0.6666666666666666
0.9731958762886598,0,0.0,2,0,0.4583333333333333,0.8888888888888888
0.07577319587628867,1,1.0,1,2,0.7083333333333333,0.4444444444444444
0.006185567010309281,1,0.0,3,0,1.0,0.1111111111111111
0.5927835051546392,0,1.0,2,1,0.3333333333333333,0.1111111111111111
0.22525773195876292,2,0.0,0,1,0.20833333333333331,0.7777777777777777
0.08247422680412371,0,0.0,1,0,0.875,0.3333333333333333
0.3077319587628866,4,1.0,1,0,0.37499999999999994,0.1111111111111111
0.6577319587628866,2,0.0,1,2,0.37499999999999994,0.4444444444444444
0.32268041237113404,0,2.0,2,0,0.4583333333333333,0.5555555555555556
0.7515463917525774,4,0.0,2,0,0.8333333333333333,0.4444444444444444
0.8994845360824743,0,1.0,2,0,0.125,0.5555555555555556
0.5407216494845362,4,2.0,0,0,0.4583333333333333,0.6666666666666666
0.8221649484536083,2,0.0,0,2,0.041666666666666685,0.7777777777777777
0.5896907216494846,0,1.0,2,1,0.625,0.5555555555555556
0.3453608247422681,0,2.0,1,1,0.25,0.7777777777777777
0.7030927835051547,0,1.0,0,2,0.75,0.7777777777777777
0.6587628865979381,4,2.0,0,2,0.49999999999999994,0.8888888888888888
0.44484536082474235,0,1.0,0,1,0.5416666666666667,1.0
0.7288659793814434,2,0.0,0,0,0.7916666666666667,0.6666666666666666
0.13711340206185568,2,1.0,1,2,1.0,0.0
0.8520618556701032,2,0.0,2,0,0.875,0.3333333333333333
0.28195876288659794,1,0.0,0,2,0.20833333333333331,0.8888888888888888
0.8221649484536083,2,1.0,0,0,0.8333333333333333,0.7777777777777777
0.9701030927835051,0,0.0,2,1,0.08333333333333331,0.3333333333333333
0.34793814432989695,1,1.0,0,0,0.7083333333333333,0.5555555555555556
0.6103092783505155,3,0.0,0,1,0.2916666666666667,0.0
0.3195876288659794,2,0.0,1,2,0.4583333333333333,0.1111111111111111
0.7113402061855671,2,1.0,2,2,0.041666666666666685,0.5555555555555556
0.965979381443299,0,1.0,2,0,0.08333333333333331,0.8888888888888888
0.9541237113402063,3,0.0,0,0,0.5416666666666667,0.1111111111111111
0.2855670103092784,2,2.0,1,0,0.8333333333333333,0.6666666666666666
0.13556701030927837,4,2.0,2,1,0.08333333333333331,0.7777777777777777
0.5293814432989691,4,1.0,2,1,0.20833333333333331,0.4444444444444444
0.3984536082474227,2,0.0,0,1,0.2916666666666667,0.2222222222222222
0.770618556701031,0,0.0,3,0,1.0,0.1111111111111111
0.8953608247422682,0,1.0,1,2,0.875,0.0
0.5768041237113403,0,0.0,0,2,0.875,0.3333333333333333
0.02680412371134022,0,0.0,2,0,0.0,0.6666666666666666
0.020618556701030934,0,1.0,1,0,0.4166666666666667,0.5555555555555556
0.33453608247422684,0,1.0,0,2,0.0,0.8888888888888888
0.1835051546391753,0,1.0,2,1,0.49999999999999994,0.8888888888888888
0.29020618556701033,0,0.0,0,0,0.4583333333333333,1.0
0.2778350515463918,0,0.0,1,1,0.7083333333333333,1.0
0.17319587628865982,0,1.0,2,1,0.9583333333333333,0.5555555555555556
0.7015463917525774,0,1.0,0,0,0.49999999999999994,0.1111111111111111
0.8304123711340207,0,1.0,0,2,0.9583333333333333,0.1111111111111111
0.059278350515463915,1,2.0,0,2,0.125,1.0
0.5747422680412372,0,2.0,1,1,0.041666666666666685,0.3333333333333333
0.3551546391752578,0,1.0,2,1,0.6666666666666667,0.4444444444444444
0.16701030927835053,2,0.0,1,1,0.9166666666666667,0.3333333333333333
0.6778350515463918,1,1.0,0,0,0.041666666666666685,0.1111111111111111
0.2788659793814433,2,1.0,1,2,0.6666666666666667,0.2222222222222222
0.6448453608247423,0,0.0,1,0,0.9583333333333333,0.2222222222222222
0.09278350515463919,2,1.0,1,0,0.9166666666666667,0.7777777777777777
0.08453608247422681,3,1.0,1,1,0.37499999999999994,0.0
0.8463917525773197,3,0.0,3,0,0.9583333333333333,0.6666666666666666
0.631958762886598,2,1.0,1,2,0.041666666666666685,0.7777777777777777
0.5257731958762887,0,1.0,1,2,0.7916666666666667,0.1111111111111111
0.9257731958762888,0,0.0,0,1,0.25,1.0
0.1917525773195876,2,1.0,0,0,0.16666666666666669,0.2222222222222222
0.9932989690721651,2,2.0,1,0,0.2916666666666667,0.8888888888888888
0.021134020618556706,3,1.0,2,0,0.9583333333333333,0.0
0.2912371134020619,0,1.0,1,0,0.4166666666666667,0.3333333333333333
0.16030927835051548,0,1.0,2,0,0.9583333333333333,0.7777777777777777
0.40618556701030933,2,0.0,0,2,0.5833333333333333,0.0
0.08144329896907217,3,0.0,1,1,0.4166666666666667,0.3333333333333333
0.7211340206185568,0,0.0,0,0,0.3333333333333333,0.5555555555555556
0.9871134020618556,0,0.0,0,1,0.4583333333333333,0.1111111111111111
0.25876288659793817,4,0.0,3,0,0.8333333333333333,1.0
0.3953608247422681,0,0.0,2,1,0.6666666666666667,0.4444444444444444
0.10360824742268043,0,0.0,0,0,0.4583333333333333,0.1111111111111111
0.013917525773195879,0,2.0,0,0,0.875,0.5555555555555556
0.04742268041237113,0,2.0,0,0,0.37499999999999994,0.2222222222222222
0.7690721649484537,2,1.0,2,2,0.20833333333333331,0.8888888888888888
0.28350515463917525,0,1.0,3,0,0.08333333333333331,0.4444444444444444
0.5520618556701031,3,1.0,0,0,0.4166666666666667,0.8888888888888888
0.3855670103092784,4,0.0,1,0,0.6666666666666667,0.4444444444444444
0.8912371134020619,0,1.0,1,0,1.0,0.3333333333333333
0.7458762886597939,2,0.0,2,0,0.7083333333333333,0.4444444444444444
0.024226804123711348,0,0.0,0,2,0.5833333333333333,0.6666666666666666
0.17164948453608248,2,1.0,3,0,0.625,1.0
0.6484536082474227,2,2.0,1,2,0.49999999999999994,0.8888888888888888
0.30876288659793816,0,0.0,0,0,0.3333333333333333,0.1111111111111111
0.7716494845360825,0,1.0,1,0,0.37499999999999994,0.3333333333333333
0.7489690721649485,1,0.0,2,0,0.37499999999999994,0.1111111111111111
0.6907216494845362,0,2.0,1,2,0.08333333333333331,0.3333333333333333
0.4216494845360825,0,1.0,2,1,0.2916666666666667,0.2222222222222222
0.7010309278350516,0,1.0,0,0,0.16666666666666669,0.1111111111111111
0.11288659793814432,0,2.0,0,2,0.16666666666666669,0.0
0.5891752577319588,0,0.0,2,1,0.16666666666666669,0.7777777777777777
0.4257731958762887,0,0.0,0,0,0.25,1.0
0.5304123711340207,3,0.0,0,1,0.3333333333333333,0.3333333333333333
0.65,3,0.0,2,1,0.37499999999999994,0.3333333333333333
0.8922680412371135,0,0.0,2,0,0.75,0.5555555555555556
0.5005154639175259,0,0.0,1,2,0.5833333333333333,0.8888888888888888
0.24432989690721651,0,0.0,1,1,1.0,0.1111111111111111
0.4943298969072165,1,1.0,2,0,0.8333333333333333,0.3333333333333333
0.050515463917525774,2,0.0,1,1,0.4583333333333333,0.1111111111111111
0.036082474226804134,2,0.0,1,0,0.08333333333333331,0.7777777777777777
0.5592783505154639,1,2.0,0,1,0.37499999999999994,0.4444444444444444
0.73659793814433,3,1.0,1,0,0.20833333333333331,0.0
0.32577319587628867,0,1.0,1,2,0.9583333333333333,1.0
0.254639175257732,0,1.0,0,0,0.5833333333333333,0.1111111111111111
0.47010309278350526,0,0.0,2,0,0.125,0.1111111111111111
0.663917525773196,2,0.0,0,2,0.08333333333333331,0.6666666666666666
0.01597938144329897,0,0.0,0,0,0.625,0.8888888888888888
0.40773195876288665,3,2.0,1,0,0.37499999999999994,0.7777777777777777
0.24587628865979383,0,0.0,0,2,0.25,0.4444444444444444
0.2061855670103093,1,0.0,1,2,0.5833333333333333,0.8888888888888888
0.8953608247422682,0,1.0,1,0,0.7083333333333333,0.2222222222222222
0.422680412371134,3,0.0,3,0,0.37499999999999994,0.6666666666666666
0.5747422680412372,0,0.0,0,1,0.625,0.1111111111111111
0.9051546391752577,2,2.0,2,0,0.7083333333333333,0.7777777777777777
0.311340206185567,1,0.0,3,2,0.7916666666666667,0.3333333333333333
0.1520618556701031,1,0.0,1,0,0.75,0.7777777777777777
0.2345360824742268,0,1.0,1,2,0.75,0.7777777777777777
0.6958762886597939,0,1.0,0,2,0.2916666666666667,0.3333333333333333
0.7448453608247423,0,0.0,2,1,0.7916666666666667,0.5555555555555556
0.8948453608247423,3,2.0,2,2,0.4583333333333333,0.5555555555555556
0.7190721649484536,0,1.0,1,0,1.0,0.2222222222222222
0.31701030927835055,2,1.0,1,1,0.6666666666666667,1.0
0.9628865979381444,1,1.0,2,1,1.0,1.0
0.7134020618556701,0,1.0,2,1,0.37499999999999994,0.4444444444444444
0.019587628865979385,0,0.0,3,2,0.7916666666666667,0.8888888888888888
0.9144329896907216,3,1.0,2,2,0.0,0.5555555555555556
0.5118556701030929,2,1.0,0,2,0.125,0.4444444444444444
0.9871134020618556,0,0.0,2,1,0.6666666666666667,0.7777777777777777
0.7123711340206186,2,0.0,3,0,0.4583333333333333,0.6666666666666666
0.17731958762886602,0,1.0,1,0,0.16666666666666669,0.5555555555555556
0.08711340206185567,1,1.0,2,2,0.9166666666666667,0.6666666666666666
0.13298969072164948,0,0.0,0,0,0.49999999999999994,0.1111111111111111
0.415979381443299,3,2.0,2,0,1.0,0.3333333333333333
0.11185567010309277,4,1.0,3,0,0.041666666666666685,0.2222222222222222
0.24690721649484537,0,1.0,1,2,0.875,0.1111111111111111
0.8077319587628867,2,0.0,2,1,0.9166666666666667,0.5555555555555556
0.15876288659793816,0,0.0,1,0,0.16666666666666669,0.0
0.8381443298969073,0,2.0,2,1,0.49999999999999994,0.4444444444444444
0.47216494845360824,0,0.0,0,0,0.7083333333333333,0.7777777777777777
0.7283505154639176,0,1.0,1,2,0.4166666666666667,0.8888888888888888
0.37680412371134026,0,0.0,0,2,0.7083333333333333,0.5555555555555556
0.022164948453608255,0,1.0,0,0,0.8333333333333333,0.4444444444444444
0.5438144329896908,2,1.0,2,2,0.08333333333333331,0.3333333333333333
0.07268041237113403,0,2.0,1,2,0.20833333333333331,0.2222222222222222
0.36907216494845363,0,1.0,1,2,0.6666666666666667,0.1111111111111111
0.5067010309278351,4,1.0,0,0,0.9583333333333333,0.3333333333333333
0.731958762886598,0,1.0,2,2,0.2916666666666667,1.0
0.8902061855670104,0,0.0,0,2,0.4583333333333333,0.8888888888888888
0.5525773195876289,0,1.0,1,0,0.08333333333333331,0.0
0.07938144329896907,2,0.0,2,2,0.16666666666666669,0.2222222222222222
0.6587628865979381,1,1.0,1,2,0.4583333333333333,1.0
0.7180412371134021,0,1.0,0,1,0.875,0.5555555555555556
0.4067010309278351,0,2.0,3,0,0.25,0.5555555555555556
0.1,3,0.0,2,0,0.041666666666666685,0.8888888888888888
0.9474226804123711,0,0.0,1,1,0.8333333333333333,0.4444444444444444
0.538659793814433,0,1.0,0,2,0.125,0.2222222222222222
0.2768041237113402,0,0.0,0,0,0.875,0.6666666666666666
0.5644329896907216,0,2.0,0,1,0.20833333333333331,0.0
0.8510309278350517,0,1.0,1,0,0.8333333333333333,0.5555555555555556
0.8737113402061856,0,0.0,2,1,0.4583333333333333,0.8888888888888888
0.6170103092783505,0,2.0,1,0,0.49999999999999994,0.5555555555555556
0.5953608247422681,1,2.0,0,0,0.2916666666666667,0.0
0.08917525773195877,0,0.0,0,2,0.75,0.1111111111111111
0.461340206185567,2,1.0,1,2,0.25,0.5555555555555556
0.08041237113402062,4,1.0,0,1,0.49999999999999994,0.6666666666666666
0.581958762886598,2,1.0,1,0,0.625,0.8888888888888888
0.3716494845360825,4,1.0,0,1,0.49999999999999994,0.6666666666666666
0.7953608247422681,0,0.0,1,0,0.625,0.7777777777777777
0.30154639175257736,0,0.0,0,1,0.5416666666666667,0.2222222222222222
0.9871134020618556,2,2.0,0,2,0.25,0.7777777777777777
0.13350515463917528,2,1.0,1,0,0.6666666666666667,0.3333333333333333
0.09020618556701031,1,1.0,2,0,0.125,0.2222222222222222
0.6484536082474227,4,1.0,0,0,0.4583333333333333,0.4444444444444444
0.06958762886597938,1,0.0,3,0,0.20833333333333331,0.1111111111111111
0.5793814432989691,0,0.0,1,2,0.16666666666666669,0.7777777777777777
0.6396907216494846,1,0.0,1,0,0.8333333333333333,0.7777777777777777
0.5211340206185567,0,1.0,0,2,0.125,0.5555555555555556
0.8902061855670104,2,0.0,0,0,0.0,0.1111111111111111
0.4484536082474227,0,1.0,1,0,0.20833333333333331,1.0
0.07731958762886598,2,0.0,3,0,0.75,0.2222222222222222
0.8974226804123712,2,2.0,3,1,0.7083333333333333,0.5555555555555556
0.008762886597938151,0,0.0,0,1,0.875,1.0
0.8938144329896908,0,1.0,0,0,1.0,0.4444444444444444
0.5701030927835052,4,0.0,3,0,0.20833333333333331,0.3333333333333333
0.7989690721649485,2,0.0,2,0,0.6666666666666667,0.8888888888888888
0.02577319587628867,0,1.0,2,2,0.041666666666666685,0.2222222222222222
0.5015463917525774,0,1.0,3,1,0.7916666666666667,0.5555555555555556
0.12061855670103094,0,1.0,2,0,0.7916666666666667,0.8888888888888888
0.7309278350515465,0,2.0,2,2,0.25,0.6666666666666666
0.6350515463917527,4,1.0,1,0,0.25,0.6666666666666666
0.24845360824742269,0,2.0,2,2,0.49999999999999994,0.6666666666666666
0.19226804123711344,0,0.0,2,0,0.6666666666666667,1.0
0.13247422680412374,3,0.0,2,1,0.16666666666666669,0.5555555555555556
0.08608247422680412,0,1.0,2,2,0.041666666666666685,0.3333333333333333
0.8494845360824743,0,1.0,2,0,0.625,0.6666666666666666
0.631958762886598,4,1.0,0,2,0.5416666666666667,0.7777777777777777
0.13556701030927837,0,1.0,0,0,0.5833333333333333,1.0
0.053608247422680416,2,1.0,3,0,0.7916666666666667,0.5555555555555556
0.4664948453608248,2,1.0,1,0,0.37499999999999994,0.6666666666666666
0.11494845360824743,2,1.0,1,2,0.20833333333333331,0.1111111111111111
0.06082474226804124,0,1.0,1,0,0.37499999999999994,1.0
0.6515463917525774,0,1.0,3,0,0.625,0.8888888888888888
0.8417525773195877,0,0.0,3,0,0.75,0.5555555555555556
0.22061855670103098,3,2.0,1,0,0.4583333333333333,0.7777777777777777
0.943298969072165,2,1.0,2,2,0.7083333333333333,0.1111111111111111
0.41030927835051556,0,0.0,1,2,0.9583333333333333,0.8888888888888888
0.2649484536082475,1,0.0,2,2,0.08333333333333331,0.2222222222222222
0.797938144329897,0,1.0,1,0,0.4583333333333333,0.5555555555555556
0.4268041237113402,0,0.0,1,0,0.5833333333333333,0.3333333333333333
0.365979381443299,2,2.0,2,2,0.4583333333333333,0.3333333333333333
0.36494845360824746,1,1.0,0,2,0.7083333333333333,0.8888888888888888
0.4963917525773197,3,1.0,3,0,0.5416666666666667,0.1111111111111111
0.33350515463917524,0,0.0,0,2,0.875,0.5555555555555556
0.04690721649484536,0,0.0,0,0,0.20833333333333331,0.1111111111111111
0.042783505154639176,0,2.0,0,2,0.7916666666666667,0.2222222222222222
0.5309278350515465,4,1.0,1,0,0.08333333333333331,0.0
0.7247422680412372,3,2.0,2,1,0.5833333333333333,0.3333333333333333
0.3953608247422681,3,0.0,0,0,0.4166666666666667,0.1111111111111111
0.6164948453608249,4,0.0,1,0,0.3333333333333333,0.8888888888888888
0.31391752577319587,0,2.0,2,2,0.20833333333333331,0.5555555555555556
0.93659793814433,0,1.0,1,1,0.4166666666666667,0.2222222222222222
0.9298969072164949,4,0.0,0,0,0.25,0.5555555555555556
0.7525773195876289,1,0.0,1,2,0.041666666666666685,0.4444444444444444
0.6170103092783505,0,0.0,2,1,0.7083333333333333,0.8888888888888888
0.24381443298969074,2,0.0,0,2,0.9166666666666667,0.2222222222222222
0.7469072164948454,2,1.0,1,2,0.875,0.1111111111111111
0.6927835051546392,0,0.0,0,0,0.49999999999999994,0.2222222222222222
0.1231958762886598,1,0.0,3,0,0.25,0.2222222222222222
0.49020618556701034,2,0.0,1,1,0.125,0.4444444444444444
0.23402061855670103,1,1.0,1,1,0.8333333333333333,0.1111111111111111
1.0000000000000002,2,2.0,1,0,0.49999999999999994,0.1111111111111111
0.33144329896907215,0,1.0,1,1,0.75,0.2222222222222222
0.7628865979381444,0,1.0,1,2,0.7916666666666667,0.5555555555555556
0.631958762886598,0,0.0,0,2,0.0,0.5555555555555556
0.021134020618556706,3,1.0,2,0,0.8333333333333333,0.4444444444444444
0.575257731958763,0,2.0,2,0,0.16666666666666669,0.2222222222222222
0.061340206185567014,3,0.0,1,1,0.625,0.6666666666666666
0.727319587628866,0,1.0,2,2,0.041666666666666685,0.2222222222222222
0.2768041237113402,0,1.0,0,0,0.7083333333333333,0.7777777777777777
0.7757731958762888,2,0.0,1,0,0.625,0.4444444444444444
0.20154639175257733,4,0.0,1,2,0.625,0.6666666666666666
0.6670103092783506,2,0.0,1,0,0.9583333333333333,0.8888888888888888
0.08711340206185567,0,1.0,1,2,0.9166666666666667,1.0
0.43350515463917527,3,1.0,0,1,1.0,0.3333333333333333
0.22422680412371138,2,2.0,1,2,0.9583333333333333,0.4444444444444444
0.011855670103092786,4,0.0,2,1,0.5416666666666667,1.0
0.9850515463917525,2,0.0,1,1,0.4583333333333333,0.6666666666666666
0.7298969072164949,0,0.0,2,1,0.20833333333333331,0.7777777777777777
0.42525773195876293,0,0.0,2,0,0.875,0.0
0.33814432989690724,4,0.0,2,0,0.4166666666666667,0.3333333333333333
0.34793814432989695,2,0.0,1,0,0.7083333333333333,0.8888888888888888
0.39639175257731957,3,0.0,1,1,1.0,0.7777777777777777
0.3247422680412371,2,1.0,0,0,0.25,0.6666666666666666
0.03865979381443299,1,2.0,1,0,0.16666666666666669,0.5555555555555556
0.9417525773195877,3,1.0,3,0,0.5416666666666667,0.1111111111111111
0.7025773195876289,2,0.0,1,1,0.8333333333333333,0.8888888888888888
0.8030927835051548,0,1.0,1,1,0.20833333333333331,0.2222222222222222
0.5845360824742268,3,2.0,2,1,0.08333333333333331,0.1111111111111111
0.18298969072164947,2,0.0,2,0,0.75,0.2222222222222222
0.010824742268041244,3,2.0,1,0,0.37499999999999994,1.0
0.9850515463917525,2,0.0,1,0,0.20833333333333331,0.2222222222222222
0.1623711340206186,2,0.0,2,0,0.5833333333333333,0.6666666666666666
0.6144329896907217,0,1.0,1,0,0.5416666666666667,0.5555555555555556
0.5030927835051546,0,1.0,3,0,0.08333333333333331,1.0
0.25618556701030926,0,0.0,0,2,0.5833333333333333,0.5555555555555556
0.1154639175257732,4,1.0,0,2,0.37499999999999994,0.6666666666666666
0.6015463917525774,0,0.0,0,0,0.625,0.2222222222222222
0.9108247422680414,2,2.0,3,2,0.9583333333333333,0.7777777777777777
0.6412371134020619,1,0.0,2,2,0.16666666666666669,0.1111111111111111
0.6134020618556701,0,1.0,2,0,0.8333333333333333,0.4444444444444444
0.6407216494845361,3,2.0,0,1,0.041666666666666685,1.0
0.05670103092783506,4,0.0,0,1,0.25,0.7777777777777777
0.3350515463917526,3,0.0,2,2,0.3333333333333333,0.8888888888888888
0.6118556701030928,1,0.0,0,0,0.20833333333333331,0.1111111111111111
0.0005154639175257748,0,0.0,0,0,0.875,0.3333333333333333
0.20257731958762887,0,0.0,1,1,0.49999999999999994,0.0
0.34278350515463923,2,1.0,1,0,0.9583333333333333,0.6666666666666666
0.9623711340206187,4,1.0,2,2,0.6666666666666667,0.6666666666666666
0.45360824742268047,4,1.0,2,2,0.6666666666666667,1.0
0.4092783505154639,0,0.0,1,2,0.125,0.2222222222222222
0.4123711340206186,0,0.0,3,2,0.49999999999999994,0.8888888888888888
0.609278350515464,0,1.0,2,1,0.20833333333333331,0.1111111111111111
0.670618556701031,1,2.0,1,0,0.16666666666666669,0.7777777777777777
0.13917525773195877,0,1.0,0,2,0.49999999999999994,0.4444444444444444
0.759278350515464,0,1.0,2,0,0.49999999999999994,0.6666666666666666
0.2257731958762887,2,0.0,1,0,0.49999999999999994,1.0
0.8969072164948454,1,0.0,2,1,0.25,0.2222222222222222
0.1597938144329897,2,1.0,0,0,0.125,0.8888888888888888
0.3391752577319588,0,1.0,2,2,0.08333333333333331,1.0
0.9396907216494846,4,0.0,2,1,0.0,0.3333333333333333
0.7061855670103093,4,1.0,2,0,0.37499999999999994,0.7777777777777777
0.41649484536082476,4,2.0,2,0,0.625,0.4444444444444444
0.12525773195876289,2,1.0,2,0,0.75,0.1111111111111111
0.7340206185567011,2,0.0,2,1,0.5833333333333333,0.4444444444444444
0.9082474226804125,1,0.0,2,0,0.0,0.1111111111111111
0.41649484536082476,2,2.0,0,0,0.2916666666666667,0.7777777777777777
0.5881443298969072,0,0.0,1,1,0.8333333333333333,0.0
0.2515463917525773,2,0.0,2,1,0.6666666666666667,0.6666666666666666
0.6298969072164949,0,0.0,2,0,0.2916666666666667,0.2222222222222222
0.9510309278350516,2,0.0,1,1,0.2916666666666667,0.6666666666666666
0.1479381443298969,0,0.0,2,0,0.7916666666666667,0.6666666666666666
0.15051546391752577,4,1.0,3,0,0.7083333333333333,0.2222222222222222
0.8628865979381443,3,0.0,1,2,0.2916666666666667,0.3333333333333333
0.30103092783505153,0,0.0,1,1,0.16666666666666669,0.7777777777777777
0.5788659793814434,4,1.0,3,0,0.7916666666666667,0.7777777777777777
0.9298969072164949,0,0.0,1,0,0.875,0.8888888888888888
0.6969072164948454,2,2.0,2,2,0.7916666666666667,0.3333333333333333
0.8030927835051548,0,1.0,1,2,0.2916666666666667,0.2222222222222222
0.9402061855670103,0,1.0,3,0,0.125,0.0
0.11391752577319589,0,2.0,0,0,0.9583333333333333,0.1111111111111111
0.009793814432989694,0,0.0,0,0,0.25,0.0
0.39381443298969077,3,0.0,1,0,0.49999999999999994,0.3333333333333333
0.8123711340206187,1,1.0,3,0,0.4583333333333333,0.6666666666666666
0.493298969072165,0,2.0,3,0,0.2916666666666667,0.5555555555555556
0.7829896907216495,0,2.0,0,2,0.2916666666666667,0.1111111111111111
0.6948453608247424,0,2.0,0,0,0.0,0.8888888888888888
0.9701030927835051,3,2.0,1,1,0.6666666666666667,0.3333333333333333
0.8711340206185567,2,0.0,1,0,0.9166666666666667,1.0
0.07164948453608248,2,0.0,0,0,0.7083333333333333,0.0
0.22319587628865983,0,2.0,2,2,0.2916666666666667,0.0
0.23402061855670103,0,1.0,2,1,0.4583333333333333,0.1111111111111111
0.6675257731958762,1,0.0,2,0,0.25,0.1111111111111111
0.9500000000000001,0,1.0,0,0,1.0,1.0
0.2618556701030928,0,0.0,2,2,0.25,1.0
0.23608247422680412,1,0.0,2,0,1.0,0.0
0.6572164948453608,0,1.0,3,0,0.625,0.6666666666666666
0.059278350515463915,0,1.0,3,0,0.75,0.2222222222222222
0.37371134020618557,2,0.0,2,2,0.08333333333333331,0.8888888888888888
0.4907216494845361,4,0.0,2,0,0.25,0.4444444444444444
0.834536082474227,2,1.0,2,0,0.7083333333333333,0.1111111111111111
0.5525773195876289,0,2.0,1,0,0.625,0.0
0.8943298969072166,2,2.0,1,2,0.7083333333333333,0.6666666666666666
0.8489690721649484,0,0.0,1,0,0.16666666666666669,1.0
0.9371134020618557,1,0.0,0,1,0.4166666666666667,0.5555555555555556
0.08969072164948455,0,0.0,1,0,0.16666666666666669,0.2222222222222222
0.17319587628865982,0,0.0,0,0,0.3333333333333333,0.5555555555555556
0.9695876288659794,3,1.0,0,2,0.75,1.0
0.6561855670103094,4,1.0,0,0,0.875,0.0
0.29020618556701033,2,1.0,2,0,0.4166666666666667,0.0
0.23865979381443297,3,1.0,1,2,0.37499999999999994,0.3333333333333333
0.47010309278350526,0,0.0,0,1,0.9166666666666667,0.5555555555555556
0.13556701030927837,2,1.0,3,0,0.37499999999999994,0.8888888888888888
0.5814432989690722,0,1.0,2,0,0.20833333333333331,0.6666666666666666
0.07835051546391752,0,0.0,0,2,0.9583333333333333,0.5555555555555556
0.663917525773196,0,1.0,1,0,0.5833333333333333,0.4444444444444444
0.35309278350515466,2,0.0,1,0,0.9166666666666667,0.5555555555555556
0.09381443298969074,0,1.0,1,0,0.4166666666666667,1.0
0.40103092783505156,0,2.0,1,2,0.3333333333333333,0.7777777777777777
0.6613402061855671,2,1.0,1,0,0.041666666666666685,0.6666666666666666
0.5123711340206185,1,2.0,1,0,0.8333333333333333,0.8888888888888888
0.8721649484536084,0,1.0,1,0,0.4166666666666667,0.3333333333333333
0.9634020618556702,3,1.0,2,1,0.6666666666666667,0.3333333333333333
0.620618556701031,1,1.0,3,2,0.125,0.8888888888888888
0.06494845360824743,0,1.0,1,0,0.20833333333333331,0.1111111111111111
0.254639175257732,4,2.0,2,0,0.75,0.4444444444444444
0.007731958762886602,2,0.0,2,1,0.3333333333333333,0.4444444444444444
0.7474226804123711,3,0.0,2,1,0.625,0.7777777777777777
0.5185567010309279,0,1.0,0,2,0.75,0.8888888888888888
0.04072164948453608,0,1.0,1,2,0.0,0.8888888888888888
0.6304123711340207,2,1.0,1,0,0.9583333333333333,1.0
0.7994845360824744,0,0.0,1,0,0.8333333333333333,0.0
0.7608247422680413,2,2.0,3,2,0.75,1.0
0.8871134020618557,3,1.0,2,0,0.4583333333333333,1.0
0.5278350515463918,0,1.0,1,2,0.125,1.0
0.6417525773195877,0,1.0,2,2,0.625,0.6666666666666666
0.47371134020618555,0,1.0,0,0,0.5416666666666667,0.3333333333333333
0.9067010309278352,3,2.0,1,0,0.49999999999999994,0.3333333333333333
0.7943298969072166,1,1.0,0,2,0.3333333333333333,0.3333333333333333
0.3865979381443299,1,0.0,1,1,0.7083333333333333,0.2222222222222222
0.5824742268041238,0,1.0,0,0,0.9583333333333333,0.0
0.568041237113402,0,2.0,2,1,0.5833333333333333,0.1111111111111111
0.06855670103092784,0,0.0,1,0,0.125,0.7777777777777777
0.3896907216494846,0,2.0,1,2,0.2916666666666667,1.0
0.5969072164948455,3,0.0,1,0,0.625,0.8888888888888888
0.877319587628866,1,1.0,0,0,0.16666666666666669,0.5555555555555556
0.15927835051546393,0,2.0,0,1,0.4583333333333333,0.6666666666666666
0.3814432989690722,0,1.0,1,0,0.5416666666666667,0.4444444444444444
0.7056701030927836,4,2.0,0,2,0.75,0.5555555555555556
0.19226804123711344,0,1.0,2,0,0.49999999999999994,0.4444444444444444
0.022680412371134027,0,1.0,0,0,0.5833333333333333,0.4444444444444444
0.8350515463917526,1,2.0,0,0,0.7916666666666667,0.6666666666666666
0.2855670103092784,0,1.0,3,2,0.7083333333333333,0.0
0.8927835051546392,0,0.0,0,0,0.041666666666666685,0.7777777777777777
0.3716494845360825,2,1.0,2,0,0.25,0.7777777777777777
0.681958762886598,0,1.0,1,0,0.6666666666666667,1.0
0.30670103092783507,0,1.0,3,0,0.20833333333333331,0.7777777777777777
0.8525773195876288,2,0.0,1,1,0.5833333333333333,0.1111111111111111
0.950515463917526,0,0.0,2,0,0.4583333333333333,0.5555555555555556
0.17422680412371136,0,2.0,0,0,0.5833333333333333,0.8888888888888888
0.09329896907216495,3,0.0,3,2,0.9166666666666667,0.5555555555555556
0.8963917525773197,0,0.0,1,0,0.0,0.8888888888888888
0.7881443298969073,2,0.0,1,1,0.49999999999999994,0.1111111111111111
0.2391752577319588,0,1.0,2,2,0.75,0.2222222222222222
0.9329896907216496,4,1.0,3,0,0.75,1.0
0.09896907216494846,0,0.0,2,0,0.4583333333333333,0.2222222222222222
0.5994845360824743,0,0.0,1,2,0.4166666666666667,0.0
0.3541237113402062,0,1.0,1,0,0.125,0.5555555555555556
0.32216494845360827,0,1.0,1,0,0.8333333333333333,0.1111111111111111
0.877319587628866,4,0.0,2,0,0.0,0.8888888888888888
0.9701030927835051,1,1.0,2,1,0.08333333333333331,0.6666666666666666
0.26546391752577325,2,2.0,1,0,0.3333333333333333,1.0
0.9309278350515464,1,0.0,3,1,0.5833333333333333,0.2222222222222222
0.2752577319587629,0,0.0,0,2,0.5833333333333333,0.3333333333333333
0.20567010309278352,0,2.0,2,2,0.7083333333333333,1.0
0.22886597938144332,0,1.0,2,0,0.49999999999999994,0.5555555555555556
0.43659793814432996,0,2.0,1,0,0.875,0.3333333333333333
0.042268041237113405,1,1.0,1,0,0.4166666666666667,0.0
0.8644329896907217,2,2.0,0,0,0.7916666666666667,0.1111111111111111
0.6871134020618557,3,0.0,2,2,0.5416666666666667,0.4444444444444444
0.11804123711340206,2,0.0,2,1,0.4583333333333333,0.4444444444444444
0.39587628865979385,0,2.0,0,2,0.3333333333333333,0.5555555555555556
0.07371134020618557,0,2.0,1,0,0.9583333333333333,0.5555555555555556
0.1695876288659794,3,0.0,2,0,0.16666666666666669,0.6666666666666666
0.588659793814433,0,0.0,2,1,0.0,0.7777777777777777
0.39072164948453614,0,1.0,0,2,0.625,1.0
0.9876288659793816,0,1.0,2,0,0.8333333333333333,0.1111111111111111
0.5376288659793814,0,2.0,2,2,0.7083333333333333,0.2222222222222222
0.493298969072165,3,1.0,3,0,0.20833333333333331,0.1111111111111111
0.15670103092783505,4,1.0,2,1,0.7083333333333333,1.0
0.37061855670103094,1,2.0,0,0,0.8333333333333333,0.3333333333333333
0.7845360824742269,0,0.0,2,1,0.8333333333333333,0.1111111111111111
0.22525773195876292,2,2.0,2,0,0.6666666666666667,0.0
0.7603092783505155,2,0.0,0,0,0.5416666666666667,0.6666666666666666
0.06288659793814434,0,1.0,0,1,0.75,0.3333333333333333
0.17835051546391753,0,1.0,1,0,0.625,0.5555555555555556
0.43144329896907224,3,0.0,2,1,0.041666666666666685,0.5555555555555556
0.022164948453608255,4,2.0,1,0,0.041666666666666685,0.8888888888888888
0.6262886597938145,2,0.0,0,0,0.49999999999999994,1.0
0.031958762886597936,3,0.0,0,0,0.7083333333333333,0.1111111111111111
0.11649484536082474,0,0.0,2,2,0.875,0.0
0.4293814432989691,0,1.0,1,0,0.20833333333333331,0.1111111111111111
0.11391752577319589,0,2.0,2,2,0.20833333333333331,0.5555555555555556
0.26752577319587634,1,0.0,0,2,0.16666666666666669,1.0
0.41701030927835053,2,1.0,2,0,0.125,0.5555555555555556
0.6185567010309279,4,1.0,2,0,0.3333333333333333,1.0
0.9211340206185569,0,1.0,1,2,1.0,0.1111111111111111
0.3835051546391753,0,0.0,1,2,0.37499999999999994,0.8888888888888888
0.9463917525773197,3,0.0,2,1,0.9166666666666667,0.0
0.09742268041237115,4,1.0,0,1,0.37499999999999994,0.6666666666666666
0.37474226804123717,4,1.0,2,1,0.7083333333333333,0.2222222222222222
0.990721649484536,3,1.0,0,1,0.625,0.5555555555555556
0.17835051546391753,3,1.0,1,2,0.5833333333333333,0.2222222222222222
0.670618556701031,2,1.0,0,2,0.75,0.6666666666666666
0.9345360824742268,2,1.0,0,0,0.49999999999999994,0.0
0.29793814432989696,2,0.0,0,1,1.0,0.4444444444444444
0.35721649484536083,0,1.0,0,1,0.49999999999999994,1.0
0.2201030927835052,1,1.0,1,1,0.8333333333333333,0.4444444444444444
0.0154639175257732,2,0.0,2,1,0.16666666666666669,0.0
0.6938144329896908,0,2.0,2,2,0.5833333333333333,0.0
0.31494845360824747,1,2.0,2,2,0.75,0.3333333333333333
0.8077319587628867,2,2.0,2,0,0.4583333333333333,0.6666666666666666
0.10309278350515463,4,1.0,1,0,0.3333333333333333,0.5555555555555556
0.8087628865979383,2,0.0,2,2,0.125,1.0
0.9974226804123713,0,0.0,0,0,0.875,0.6666666666666666
0.6711340206185568,0,0.0,2,0,0.875,0.0
0.6958762886597939,0,2.0,0,0,0.2916666666666667,0.6666666666666666
0.9448453608247425,0,2.0,2,2,0.9166666666666667,0.4444444444444444
0.8768041237113403,0,0.0,0,0,0.9166666666666667,0.3333333333333333
0.622680412371134,4,1.0,2,2,0.08333333333333331,0.3333333333333333
0.7051546391752578,0,1.0,3,1,0.7916666666666667,0.3333333333333333
0.868556701030928,0,0.0,1,0,0.8333333333333333,1.0
0.23969072164948457,4,2.0,0,2,0.875,0.8888888888888888
0.48505154639175263,0,1.0,0,2,0.041666666666666685,1.0
0.7469072164948454,3,0.0,1,0,1.0,0.7777777777777777
0.1077319587628866,0,0.0,2,0,0.4583333333333333,0.8888888888888888
0.11597938144329897,0,0.0,1,2,0.7916666666666667,0.2222222222222222
0.3680412371134021,0,2.0,3,0,1.0,0.5555555555555556
0.7969072164948454,3,1.0,1,0,0.25,0.2222222222222222
0.8159793814432992,0,1.0,1,0,0.625,0.2222222222222222
0.1737113402061856,0,1.0,0,0,0.75,0.5555555555555556
0.26752577319587634,0,2.0,2,0,0.25,0.5555555555555556
0.4438144329896907,0,2.0,2,2,0.16666666666666669,1.0
0.8654639175257732,2,1.0,0,2,0.25,0.2222222222222222
0.6664948453608248,0,0.0,2,2,0.9166666666666667,0.1111111111111111
0.09690721649484538,4,1.0,2,0,0.9166666666666667,0.2222222222222222
0.008247422680412373,0,1.0,0,0,0.20833333333333331,0.5555555555555556
0.5170103092783506,2,1.0,3,0,0.08333333333333331,0.2222222222222222
0.2680412371134021,4,1.0,2,0,0.875,0.6666666666666666
0.9639175257731959,4,1.0,1,2,0.08333333333333331,0.8888888888888888
0.3948453608247423,4,1.0,1,1,0.7916666666666667,0.4444444444444444
0.5567010309278351,2,2.0,1,2,0.37499999999999994,0.1111111111111111
0.9969072164948455,3,0.0,0,0,0.041666666666666685,0.6666666666666666
0.6479381443298969,2,2.0,2,2,0.8333333333333333,0.8888888888888888
0.5164948453608248,0,1.0,2,0,0.49999999999999994,0.0
0.7912371134020619,0,0.0,1,0,0.7916666666666667,0.2222222222222222
0.6804123711340206,2,0.0,3,2,0.25,0.0
0.6051546391752578,0,1.0,1,0,0.7083333333333333,1.0
0.21134020618556704,2,1.0,1,2,0.2916666666666667,0.7777777777777777
0.9061855670103094,2,0.0,0,1,0.3333333333333333,0.0
0.522680412371134,2,2.0,0,1,0.9166666666666667,0.6666666666666666
0.11597938144329897,0,1.0,3,2,0.9583333333333333,0.1111111111111111
0.2912371134020619,3,0.0,0,0,0.625,0.4444444444444444
0.6216494845360826,2,0.0,0,0,0.5416666666666667,0.8888888888888888
0.10927835051546392,1,0.0,2,0,0.041666666666666685,0.0
0.6103092783505155,2,2.0,2,0,0.3333333333333333,0.6666666666666666
0.29381443298969073,0,1.0,2,2,0.20833333333333331,0.7777777777777777
0.49175257731958766,0,1.0,1,0,0.7083333333333333,0.0
0.5536082474226804,0,0.0,2,0,0.8333333333333333,0.3333333333333333
0.4149484536082475,3,0.0,1,0,1.0,0.4444444444444444
0.6097938144329897,2,0.0,1,0,0.9583333333333333,1.0
0.7618556701030929,3,1.0,0,1,0.4166666666666667,0.5555555555555556
0.922680412371134,0,0.0,0,2,0.37499999999999994,0.6666666666666666
0.9829896907216497,0,0.0,2,1,0.5833333333333333,0.6666666666666666
0.24175257731958766,1,0.0,2,0,0.9166666666666667,0.6666666666666666
0.4963917525773197,1,0.0,0,2,0.6666666666666667,0.0
0.4216494845360825,1,1.0,1,1,0.37499999999999994,0.7777777777777777
0.622680412371134,0,1.0,1,1,0.20833333333333331,0.3333333333333333
0.3726804123711341,2,1.0,1,0,0.4583333333333333,0.8888888888888888
0.9082474226804125,0,0.0,1,0,0.041666666666666685,0.3333333333333333
0.2427835051546392,0,1.0,0,2,1.0,0.3333333333333333
0.961340206185567,2,2.0,0,0,0.16666666666666669,0.7777777777777777
0.6948453608247424,0,1.0,2,0,0.4583333333333333,1.0
0.5664948453608248,0,1.0,2,2,0.4583333333333333,0.2222222222222222
0.8551546391752578,0,1.0,3,2,0.3333333333333333,0.1111111111111111
0.3463917525773196,1,1.0,0,0,0.875,0.2222222222222222
0.22783505154639178,2,0.0,0,0,0.20833333333333331,0.5555555555555556
0.6262886597938145,0,0.0,0,2,0.2916666666666667,0.0
0.9474226804123711,2,2.0,3,0,0.625,0.8888888888888888
0.6438144329896908,2,0.0,2,1,0.4583333333333333,0.4444444444444444
0.8092783505154639,0,0.0,2,0,0.625,0.1111111111111111
0.9510309278350516,0,1.0,2,2,0.9166666666666667,0.2222222222222222
0.4716494845360826,2,1.0,1,2,0.08333333333333331,0.8888888888888888
0.725257731958763,4,1.0,1,0,0.625,0.2222222222222222
0.4788659793814434,2,1.0,2,1,0.08333333333333331,0.0
0.45000000000000007,0,0.0,2,2,0.041666666666666685,0.5555555555555556
0.7994845360824744,0,0.0,2,1,0.4583333333333333,0.6666666666666666
0.9149484536082475,3,1.0,0,2,0.7083333333333333,0.5555555555555556
0.877319587628866,0,1.0,1,2,0.6666666666666667,1.0
0.16855670103092785,0,1.0,0,0,0.6666666666666667,0.8888888888888888
0.42474226804123716,0,1.0,1,2,0.2916666666666667,0.3333333333333333
0.49020618556701034,0,2.0,2,1,0.49999999999999994,0.6666666666666666
0.16804123711340208,2,1.0,0,0,0.875,0.3333333333333333
0.1484536082474227,3,2.0,3,0,0.7916666666666667,1.0
0.036597938144329906,1,0.0,1,0,0.5833333333333333,0.5555555555555556
0.793298969072165,1,0.0,2,1,0.6666666666666667,0.6666666666666666
0.0025773195876288672,0,2.0,3,0,0.20833333333333331,0.3333333333333333
0.34329896907216495,0,1.0,0,2,0.5416666666666667,0.4444444444444444
0.9628865979381444,1,2.0,0,0,0.37499999999999994,0.6666666666666666
0.3458762886597938,0,0.0,3,2,0.37499999999999994,0.7777777777777777
0.31597938144329896,1,0.0,1,0,0.125,0.5555555555555556
0.13041237113402063,2,0.0,1,2,0.37499999999999994,0.5555555555555556
0.1237113402061856,4,1.0,2,0,0.9166666666666667,0.5555555555555556
0.631958762886598,2,1.0,2,2,0.37499999999999994,0.8888888888888888
0.547938144329897,4,2.0,1,0,0.8333333333333333,0.5555555555555556
0.7402061855670103,0,1.0,2,0,0.3333333333333333,0.7777777777777777
0.7716494845360825,2,0.0,0,2,0.9583333333333333,0.0
0.4597938144329897,0,2.0,2,0,0.875,1.0
0.18453608247422681,0,0.0,1,2,0.0,0.1111111111111111
0.8762886597938145,0,0.0,2,0,0.7916666666666667,0.6666666666666666
0.45360824742268047,0,0.0,2,0,0.37499999999999994,0.2222222222222222
0.8139175257731959,0,1.0,2,0,0.041666666666666685,0.2222222222222222
0.831958762886598,4,2.0,0,2,0.16666666666666669,0.7777777777777777
0.013917525773195879,0,1.0,0,1,0.6666666666666667,0.7777777777777777
